id,first_name,last_name
1,Rufus,Patifield
2,Lissie,Higginbottam
3,Sibbie,Stear
4,Elinore,Darbyshire
5,Susie,Lambal
6,Dulcinea,Illwell
7,Trudi,Haily
8,Elmo,Pappin
9,Woody,Arent
10,Hill,Murfett
11,Candra,Donoghue
12,Laughton,Lorant
13,Dorelia,Ellick
14,Celeste,Giblin
15,Letta,Mingame
16,Petronille,Alexander
17,Harper,Buntine
18,Annis,Landells
19,Grange,Frantzeni
20,Emmy,Petrolli
21,Bettye,Fellgate
22,Gifford,Loyd
23,Andee,Goodspeed
24,Manny,Mazdon
25,Terrel,Greenaway
26,Elijah,Patullo
27,Mabelle,Whitebrook
28,Austin,Klima
29,Kathi,Sakins
30,Janet,Dimberline
31,Sarita,Cluer
32,Orsola,Dory
33,Giulietta,Fockes
34,Pam,Horsell
35,Dorolisa,Burgoin
36,Saidee,Rorke
37,Heddi,Lanon
38,Annis,Andrichak
39,Aldis,Covington
40,Rupert,Fasler
41,Renard,Ruvel
42,Gregg,Stoggell
43,Garland,Oddy
44,Gladys,Tallyn
45,Dorothy,Archbould
46,Darbie,Skiggs
47,Duky,Aharoni
48,Adeline,Baudinelli
49,Claudio,Peakman
50,Saunder,Niblo
51,Rochell,Speddin
52,Harper,Gatling
53,Cyrus,Spillane
54,Worden,Jachimczak
55,Merle,Meese
56,Donna,Alti
57,Xaviera,Pietrzyk
58,Gwenette,Klawi
59,Dukie,Cordet
60,Gamaliel,Tilford
61,Aloin,Beagrie
62,Auria,Jessel
63,Felecia,Goldup
64,Daphene,Saffe
65,Morie,Bruna
66,Ileana,Adamek
67,Morna,Pease
68,Cassie,Pascall
69,Kerrill,Balassi
70,Mimi,Schulz
71,Dayna,Yeates
72,Coralie,Farryn
73,Estelle,Perkins
74,Kim,Duckering
75,Dom,Gocke
76,Silvester,Lamborne
77,Adore,Brunroth
78,Alecia,Meagh
79,Brew,Willarton
80,Ruperto,Tatnell
81,Vivyan,Nestoruk
82,Muire,Ambrogelli
83,Arlinda,Peteri
84,Amy,Foster-Smith
85,Sandie,Bowmen
86,Filbert,Mosedill
87,Kayla,Waycot
88,Ginny,Bim
89,Laure,Lewty
90,Rich,Hamflett
91,North,Drain
92,Glen,Portugal
93,Chrotoem,Fairholm
94,Asia,Allflatt
95,Ruggiero,Burgoine
96,Far,Winslet
97,Mano,Barrim
98,Brigit,Herreros
99,Jimmy,Forri
100,Elwood,Scrimshaw
101,Iormina,Westfield
102,Kirbee,Jehan
103,Danya,Jugging
104,Phelia,Duignan
105,Cob,Letten
106,Forrest,Luis
107,Xavier,Emes
108,Payton,Ouldcott
109,Clair,Gait
110,Caresse,Fullilove
111,Caty,McCurrie
112,Yetta,Blackhurst
113,Cairistiona,Donaghy
114,Bourke,Seares
115,Mirabella,Woodage
116,Moria,Pickavance
117,Dannie,Impleton
118,Alano,Peterkin
119,Derrick,Blunsom
120,Stavro,Krahl
121,Audrey,Le Clercq
122,Tuck,Moden
123,Viv,Dollen
124,Wallie,Gatland
125,Corene,Lambourne
126,Sibel,Brinkworth
127,Arlyne,Dracey
128,Domenico,Pickford
129,Kennith,Lissenden
130,Halette,Accum
131,Jenda,Kindell
132,Sterne,Rozenzweig
133,Ferdy,Gotthard.sf
134,Alonso,Martinat
135,August,Fortnam
136,Way,Ibbott
137,Andeee,Piatek
138,Francesca,McTeer
139,Finley,Eardley
140,Claudell,Doreward
141,Damon,Peattie
142,Dolph,Lemary
143,Harrison,Dmitrovic
144,Corie,Curley
145,Nadeen,Rothschild
146,Garreth,McIlvaney
147,Eberhard,Frank
148,Alfredo,Burg
149,Hayyim,Devonport
150,Justinian,Tofanelli
151,Wilhelmina,Hartzog
152,Cinderella,Kinnon
153,Leslie,Mendenhall
154,Spike,Thompkins
155,Rab,Holdren
156,Christina,Carsey
157,Melly,Wehnerr
158,Trey,Larkby
159,Selby,Dekeyser
160,Tedie,Scotcher
161,Chuck,Sylvaine
162,Gaspard,Beesey
163,Cointon,Cantwell
164,Armstrong,Prall
165,Melania,MacGregor
166,Hardy,Wither
167,Grethel,Sloss
168,Pier,Kinnin
169,Darsie,Townsend
170,Alva,Burnes
171,Floria,Yukhnevich
172,Yancy,Kerwood
173,Tasha,Siddell
174,Akim,Eronie
175,Inge,McGarahan
176,Ynez,Atkins
177,Lexy,Tunno
178,Remington,Ketch
179,Viviana,Merrell
180,Mikaela,Pretsel
181,Sinclair,Remmer
182,Nikola,Surgeoner
183,Adora,Lindberg
184,Mikel,Bish
185,Oneida,Varley
186,Cyb,Lorden
187,Adena,Scorrer
188,Ringo,Whysall
189,Suzette,Whittock
190,Nye,Breagan
191,Lazarus,Salazar
192,Damiano,Venton
193,Keelia,Ramelet
194,Maryrose,Connors
195,Leoine,Amthor
196,Dolley,Weaving
197,Nataline,Gillio
198,Lucie,Elen
199,Joey,Tattersdill
200,Ernst,Lomen
201,Osborn,Peaseman
202,Gratia,Padillo
203,Alexei,Sivior
204,Sherry,Bendel
205,Vergil,Wheelton
206,Tobin,Broz
207,Lovell,Lewsey
208,Karoly,Farnhill
209,Marjory,Lantiffe
210,Vin,Jickells
211,Liana,Barkus
212,Isiahi,Lenglet
213,Carlo,Stelfox
214,Felipe,Checcucci
215,Gene,Morgue
216,Filippo,Folan
217,Ingeberg,Harbidge
218,Dorena,Chazotte
219,Kailey,Clowes
220,Alleen,Iddy
221,Charlie,Batha
222,Rufe,Rycroft
223,Tailor,Ramel
224,Luciano,Dell'Abbate
225,Rosemaria,Daye
226,Letty,Lorenzini
227,Tobe,Redgewell
228,Guilbert,Robjant
229,Pamella,Cremen
230,Emmery,Romao
231,Kathe,Caldecutt
232,Brandy,Tollerton
233,Billi,Yele
234,Virgilio,Liddle
235,Lem,Dennerley
236,Tara,Noods
237,Dyana,McKinney
238,Raymund,Farquar
239,Caryl,Seeviour
240,Leoline,Bremmell
241,Josh,Muscroft
242,Gwenni,Girdlestone
243,Keven,Morilla
244,Will,Albone
245,Grace,Orae
246,Gregorius,Brandoni
247,Caryl,Giovannini
248,Tiffanie,Morcom
249,Vladimir,Gludor
250,Meryl,Iorizzi
251,Horst,Dressel
252,Angelika,Zink
253,Ramsay,Cook
254,Cinnamon,Lowers
255,Ahmed,Everitt
256,Shelba,Berthelet
257,Albert,Fulks
258,Ellen,Calder
259,Zared,Matzeitis
260,Rheta,Jealous
261,Flemming,Russe
262,Yurik,Pratchett
263,Christa,Gayton
264,Andrey,Barczynski
265,Ortensia,Feldbau
266,Silvester,Cleen
267,Lane,Rathe
268,Walliw,Maddern
269,Quinn,Veltman
270,Chloe,Agge
271,Shanna,Cuttin
272,Roselle,Sheber
273,Kettie,Chivrall
274,Neddy,Biaggi
275,Dallas,Savill
276,Reed,Albinson
277,Jobyna,Newcomb
278,Goldarina,Brash
279,Dallas,Yesichev
280,Richie,Hayworth
281,Jasmin,Montacute
282,Lorrayne,Arnaez
283,Kriste,Polding
284,Zacharie,Tamplin
285,Anita,Blench
286,Juieta,Meigh
287,Bernard,Perceval
288,Debby,Cabena
289,Consolata,Eatherton
290,Yoshi,Delap
291,Madelin,Scroxton
292,Gerardo,Teenan
293,Cloris,Alsford
294,Waverly,Power
295,Brenden,Ipsly
296,Trina,Ponten
297,Francine,Munden
298,Belicia,Thaxton
299,Georgeanna,Ladley
300,Casar,Barfield
301,Lissy,Langstrath
302,Bonnibelle,Sydry
303,Giovanni,Whawell
304,Patten,Tetley
305,Lurlene,Lube
306,Erinna,Pendered
307,Nickey,MacKettrick
308,Randee,Dicke
309,Happy,Lortzing
310,Yorker,Hillum
311,Chilton,Capey
312,Graham,Crosfeld
313,Garret,Sterre
314,Gertrudis,Ridewood
315,Abbot,MacGee
316,Cly,Lurner
317,Cordie,Trundle
318,Rianon,McArthur
319,Garrot,Roddick
320,Mela,Onraet
321,Glennie,Zouch
322,Dorree,Demongeot
323,Kristina,Van Niekerk
324,Marris,Daniau
325,Nefen,Riggulsford
326,Patsy,Feltoe
327,Jimmie,Ferfulle
328,Lilias,Craigmyle
329,Luisa,Rainger
330,Rustie,Boal
331,Morrie,Pendrey
332,Camel,Neilus
333,Marice,Brazil
334,Ashly,Pulman
335,Duffie,Douthwaite
336,Pattin,Aleevy
337,Birch,Hallet
338,Cody,Filipponi
339,Noble,Houlridge
340,Nevile,Mullaly
341,Pammy,Kinzett
342,Sue,Soppit
343,Farlee,Gravells
344,Emmalynn,Kruszelnicki
345,Bab,Zolini
346,Natal,Bendon
347,Alisander,Egan
348,Bing,Prevett
349,Kerk,Reinisch
350,Leif,Yaldren
351,Abagael,Olenin
352,Clement,Crichten
353,Glenn,Glascott
354,Caesar,Dran
355,Ronnica,Breyt
356,Breanne,Saville
357,Mellisa,Crummie
358,Evaleen,Brisker
359,Hamnet,Lauritzen
360,Valerye,Lawleff
361,Lonnie,Leisk
362,Galvin,Brigstock
363,Lukas,Grinyakin
364,Odille,Bythway
365,Urson,Northin
366,Lesli,Coda
367,Auberta,Latus
368,Burk,Geleman
369,Henri,Yakuntzov
370,Sisile,Portal
371,Mateo,Cleef
372,Filberto,Byfford
373,Alis,Lindmark
374,Boyd,Mouton
375,Rafaelia,Staggs
376,Brigg,Emmatt
377,Sukey,Ventom
378,Bourke,Tattershaw
379,Cyrus,Canham
380,Reece,Clewley
381,Meridith,Linguard
382,Agna,Lonnon
383,Arron,Colebeck
384,Conant,Shevill
385,Winnie,Ible
386,Brett,Tillot
387,Goldi,Tobias
388,Michaella,Cejka
389,Bari,Emmines
390,Ryley,Hickenbottom
391,Waite,Farra
392,Jessie,Clingan
393,Maxy,Trickett
394,Beryle,Goodchild
395,Monroe,Miner
396,Gary,Troyes
397,Roosevelt,Blaszczyk
398,Odele,Gianuzzi
399,Felicle,Skyppe
400,Talbot,Scotchmore
401,Barbabra,Crosen
402,Jemmie,Simpole
403,Cornall,Arni
404,Binni,Hadaway
405,Hope,Massenhove
406,Meir,Farey
407,Leone,Keld
408,Jackqueline,Venediktov
409,Husain,Click
410,Edward,Corp
411,Caryl,Birrane
412,Frank,Commin
413,Rowe,Dyneley
414,Misti,Fellowes
415,Benyamin,Delacourt
416,Linn,MacShane
417,Viviene,Misson
418,Cull,Piatti
419,Lynett,Ainsbury
420,Trescha,Sheen
421,Immanuel,Jeyes
422,Timmie,Euels
423,Demetra,Jambrozek
424,Jamill,Goatman
425,Nikos,MacGovern
426,Ewen,Ottosen
427,Cristian,Dudbridge
428,Elisabeth,Cawkwell
429,Daphne,Grimes
430,Corri,Kahane
431,Jaimie,Whellans
432,Prent,Cromarty
433,Idette,Younglove
434,Marcelline,Guarin
435,Stacy,Nicholas
436,Marthe,McCrossan
437,Mommy,Piaggia
438,Vernice,Marjoram
439,Britteny,Bonelle
440,Zulema,Scougal
441,Creight,Kielty
442,Carole,Meharg
443,Leontine,Paddell
444,Karissa,Bambrugh
445,Josselyn,Baudasso
446,Chaim,Aberdalgy
447,Morgen,Frede
448,Abe,Franzoli
449,Corrie,Ipsley
450,Patten,Gothrup
451,Marcia,Forward
452,Brockie,Stang-Gjertsen
453,Aila,Chaney
454,Herculie,Dumberrill
455,Lyon,Gotcliffe
456,Thoma,Paschke
457,Bernie,Draper
458,Verene,Scotfurth
459,Sari,Girkin
460,Clotilda,Oleksiak
461,Rodie,Yesinov
462,Carolyne,Jaggli
463,Shea,Bretland
464,Rog,Nielson
465,Bertrando,Devonald
466,Eli,Champniss
467,Barrie,Seedman
468,Markus,Schole
469,Gene,Sackur
470,Averil,Pimblett
471,Faythe,Cristea
472,Vanda,Manske
473,Terri,Passman
474,Hew,Trosdall
475,Doroteya,Savoury
476,Carol,Elen
477,Spenser,Spurrier
478,Vita,Dowry
479,Wiley,Origan
480,Ardith,Wallhead
481,Kathlin,Huson
482,Alex,MacAnelley
483,Juieta,Simonutti
484,Barret,Esberger
485,Ambrosius,Viollet
486,Dahlia,Metham
487,Darrick,Tettley
488,Roby,Bernade
489,Curcio,Plascott
490,Conrad,Montez
491,Putnam,Pottage
492,Karita,Le Blond
493,Bennett,Feben
494,Anestassia,Drake
495,Raddie,Sapp
496,Rafaelia,Rhule
497,Collin,Sharpous
498,Reta,Oakinfold
499,Tomasine,Delgardo
500,Meara,McDarmid
501,Callie,Shearer
502,Egbert,Vonasek
503,Ardene,Thurgood
504,Sonia,Mulles
505,Florenza,Pestor
506,Quintilla,Kearns
507,Jeno,Brekonridge
508,Kial,Shirt
509,Skell,Layton
510,Josephine,Fairchild
511,Dino,Forder
512,Cornie,Grissett
513,Cherrita,Huygen
514,Oralia,Paffitt
515,Udell,Shelbourne
516,Aldric,Garber
517,Abey,Kraft
518,Philippe,Negus
519,Gasper,Eccersley
520,Kale,Lorenzo
521,Sanderson,Bompass
522,Michelina,Petrakov
523,Rutherford,Broodes
524,Noam,Hannaford
525,Norry,Dow
526,Kevan,Lippatt
527,Dru,Arstall
528,Tammy,Olesen
529,King,Pridmore
530,Siouxie,Elder
531,Odella,Garci
532,Enrichetta,MacCrackan
533,Hamlen,Throssell
534,Wilmette,Rhodus
535,Nicolas,Cheetham
536,Omar,Grigolashvill
537,Brook,Nicklinson
538,Estell,Grouse
539,Cristin,Assender
540,Stephenie,Kilford
541,Dolores,Thistleton
542,Lavina,Sturzaker
543,Rance,Dibdin
544,Adaline,Beavington
545,Umeko,Coursor
546,Humphrey,Duckhouse
547,Roxine,O'Nion
548,Lorelle,Isaac
549,Ludvig,Akers
550,Wilek,Lief
551,Kinny,Sommerton
552,Ginnie,Matthiesen
553,Trix,Simoncello
554,Stefan,Janosevic
555,Margot,Kineton
556,Tadeo,Reggiani
557,Krissie,Cutress
558,Denis,Basile
559,Annmaria,Brightey
560,Lanae,Fearnehough
561,Robbie,Maltman
562,Madge,Faivre
563,Helenelizabeth,Dursley
564,Franni,Sheepy
565,Ludvig,Gaines
566,Debra,Yurocjkin
567,Simone,Twine
568,Fonz,Brigge
569,Rosmunda,Moneypenny
570,Allie,Borlease
571,Marleen,Gildea
572,Jinny,Loffel
573,Lorena,Bromige
574,Nicola,Harkins
575,Temp,Gaynor
576,Georgette,Allinson
577,Rozelle,Ballintyne
578,Valentina,Durston
579,Piggy,Gateley
580,Bell,Bowering
581,Carlie,Poker
582,Jenilee,Pagon
583,Phelia,Benford
584,Cinderella,Josskoviz
585,Lucie,Thaxter
586,Lea,Pane
587,Nara,Alcock
588,Randene,Labdon
589,Sioux,Buckhurst
590,Leona,Hamblyn
591,Jane,Trevan
592,Jimmie,Roaf
593,Tomasina,Rich
594,Agatha,Thomkins
595,Jennie,Dowles
596,Natalee,Glasner
597,Ruthy,Syddall
598,Cathryn,Corns
599,Annamaria,Simka
600,Rufe,Dummett
601,Lucho,Bolens
602,Keary,Shropshire
603,Kristoffer,Ville
604,Ikey,Piechnik
605,Cosme,Prosser
606,Tracey,Allworthy
607,Vita,Brockhurst
608,Burtie,MacFarlan
609,Callie,Dudney
610,Lucienne,Schachter
611,Tabitha,Bullocke
612,Tilly,Brydon
613,Aimil,Davidovsky
614,Frederique,Garahan
615,Pearle,Firsby
616,Rheta,Sarre
617,Adelheid,Coulman
618,Jacques,Corrado
619,Carmelita,Stallworthy
620,Martin,Steddall
621,Lorry,Hibbart
622,Jenda,Kinglake
623,Nessa,Peert
624,Sandi,Fenby
625,Brynne,Oldford
626,Gar,Morrilly
627,Randolf,McMurray
628,Grannie,Leishman
629,Gearard,Ramey
630,Dannye,Kearsley
631,Clem,Sandes
632,Katlin,Fairy
633,Gare,Measham
634,Eugenie,Bohman
635,Rochelle,Ashwell
636,Malvina,Gerty
637,Shel,Blanchette
638,Franzen,Lofty
639,Todd,Leebeter
640,Sauveur,Cotterill
641,Vern,MacLoughlin
642,Vannie,Roulston
643,Carmelle,Benazet
644,Odo,Bater
645,Maje,Finnes
646,Bertrando,Meah
647,Benjamin,Sneath
648,Barnett,Eddowis
649,Rab,Wadge
650,Leigh,Pacey
651,Sosanna,Beilby
652,Angelica,Sagar
653,Martin,Gresswood
654,Trudie,Labeuil
655,Oren,Ritchie
656,Stavro,Chinge
657,Rianon,Scawen
658,Lester,Okroy
659,Desiri,Jakov
660,Temp,Lehrmann
661,Jenni,Jumonet
662,Brice,Conneau
663,Barnabas,Womack
664,Inglebert,Wudeland
665,Aubert,Ramage
666,Zita,Sibley
667,Umeko,Hilling
668,Stoddard,Josham
669,Dominique,Tampion
670,Cinnamon,Davidovitz
671,Fitz,Rudloff
672,Ettie,Cowburn
673,Cal,Dawley
674,Garner,Dicks
675,Wiatt,Yarr
676,Willis,Goretti
677,Claudio,Tichelaar
678,Ebony,Brakewell
679,Wolfy,Aiston
680,Nert,Megroff
681,Steffane,Behan
682,Tami,Koppen
683,Ansell,Tilne
684,Davidde,Gunderson
685,Sargent,Denty
686,Suki,Elders
687,Kamillah,Reder
688,Elias,Harnetty
689,Karlotta,Lyddyard
690,Hannie,Grazier
691,Suellen,Gershom
692,Selinda,Yurenin
693,Keir,Rubinfajn
694,Elane,Fitzpatrick
695,Lory,Tregido
696,Rolfe,Van der Baaren
697,Kelwin,Jaouen
698,Harlin,Sancraft
699,Issi,Copcote
700,Alf,Huddlestone
701,Rolland,Galway
702,Nilson,Minchenton
703,Laurella,Griffitts
704,Gretta,Clissett
705,Fae,Milnes
706,Asher,Tregiddo
707,Elena,Keedwell
708,Frasquito,Jeaneau
709,Merwyn,Mattusevich
710,Shermie,Storm
711,Brana,Frankling
712,Roseanna,Storr
713,Gayle,Lyman
714,Teddie,Woollaston
715,Shannah,Boultwood
716,Meryl,Cahey
717,Samson,Nevison
718,Nealson,Higford
719,Waiter,Sawer
720,Gerry,O'Lynn
721,Stormi,Sapseed
722,Ephrayim,Luto
723,Brook,Bythell
724,Levin,Capeloff
725,Mollie,Earl
726,Thorstein,Amoore
727,Esta,Whetnell
728,Idalina,Flecknell
729,Niven,Venneur
730,Lammond,Andrys
731,Dorene,Bloodworth
732,Tricia,Feake
733,Vyky,Sansum
734,Lorens,Jirousek
735,Reeta,Karadzas
736,Milena,Biddulph
737,Corri,Sickling
738,Brnaby,Wolfendell
739,Lianne,Muzzini
740,Francesca,Riggey
741,Madelene,O'Calleran
742,Dotty,Thorogood
743,Clea,McKelvey
744,Jessa,Kleiner
745,Lorant,Cowdry
746,Pattin,Barnson
747,Lacie,Goolden
748,Kayla,Day
749,Hillie,Brabban
750,Ettie,Pennacci
751,Chrissie,Spickett
752,Layney,Troak
753,Pandora,Woodley
754,Margareta,Akaster
755,Zedekiah,Mugg
756,Mayne,Wellsman
757,Henka,Semkins
758,Zola,Pinks
759,Jeanna,Fewtrell
760,Reeta,Giovanazzi
761,Igor,Whitcombe
762,Egan,Gislebert
763,Jaymie,Fryer
764,Bealle,Deeman
765,Eddi,Shubotham
766,Bevon,Manvelle
767,Clarence,Cansfield
768,Sylvester,Ellsbury
769,Ambrosius,Daniaud
770,Fredericka,Reynish
771,Jenine,Benyon
772,Willis,Jephcott
773,Cecilius,Noseworthy
774,Wolfy,Abley
775,Lissie,Zealander
776,Evered,Schwieso
777,Boothe,Trayte
778,Falkner,Muckersie
779,Patsy,Sucre
780,Leif,Avramovich
781,Tally,Pietz
782,Patricio,Shovell
783,Steven,Loughren
784,Erasmus,Charopen
785,Grace,Doone
786,Wallas,Altham
787,Jacenta,Cockland
788,Gustavo,Pocklington
789,Veronique,Sundin
790,Jillane,L'Archer
791,Fanechka,Yapp
792,Sansone,Mogenot
793,Ricki,Malimoe
794,Ophelia,Strute
795,Lilllie,Siret
796,Harriott,Eborall
797,King,Hunston
798,Arlan,Gosnold
799,Abrahan,Slyman
800,Dud,Moyles
801,Adelaide,Lidstone
802,Jewell,Emanuelli
803,Tom,Learmonth
804,Tracy,Draysey
805,Otis,Brusle
806,Wernher,Arnaudon
807,Jojo,Fellgate
808,Zilvia,Jakubowsky
809,Alvin,Madoc-Jones
810,Grissel,Paler
811,Elbertina,Spurnier
812,Any,Hartropp
813,Terrell,Martill
814,Damaris,Suche
815,Erastus,Margram
816,Currie,Norgate
817,Conrade,Gallone
818,Terrye,Kefford
819,Pasquale,Le Marchand
820,Sydney,Torregiani
821,Pascale,Pidgen
822,Charlotta,Janaway
823,Seana,Jerrems
824,Stafani,Merrigan
825,Vaclav,Colomb
826,Fernanda,Stopforth
827,Kipp,Lyenyng
828,Nessy,Dunstone
829,Robin,Cuttin
830,Kelsey,Farmiloe
831,Hugo,Birdwistle
832,Franklyn,Jeanel
833,Cybil,Fidoe
834,Emmerich,Legg
835,Robin,Copestick
836,Bernete,Pheasey
837,Wyatan,Beetles
838,Gustaf,Stinton
839,Marthe,Crockley
840,Barbara-anne,Probbin
841,Cosme,Lanchbery
842,Rubetta,Epinay
843,Ilyssa,Braniff
844,Dolly,Scarre
845,Bathsheba,McCurlye
846,Lemuel,Bordone
847,Rodina,Hanalan
848,Dory,Seabright
849,Doyle,Tropman
850,Raddy,Craigg
851,Ettore,Frankel
852,Roda,Dummett
853,Josepha,Hassen
854,Tomasina,Esmond
855,Matthaeus,Clavering
856,Robert,Airton
857,Pennie,Jacquemard
858,Nisse,Piola
859,Alyosha,Cyson
860,Neille,Statham
861,Eunice,Bartaloni
862,Francis,Vinnicombe
863,Myles,Auchinleck
864,Laird,Warkup
865,Glynis,Dussy
866,Winonah,Wolseley
867,Duky,Simic
868,Clarette,Cullington
869,Jolynn,Landreth
870,Sergei,Rasp
871,Susi,Copper
872,Lula,Dansey
873,Clyve,Hambric
874,Cornelia,Bennike
875,Rubi,Docksey
876,Melvin,Attride
877,Kit,Greest
878,Brewster,Snassell
879,Brandy,Balloch
880,Gilberte,Walthew
881,Griz,Everest
882,Gaspar,Denney
883,Blaine,Kenyam
884,Bernardina,Kernell
885,Anna-diana,Toop
886,Falkner,Cotterell
887,Orbadiah,Secombe
888,Bill,Jurries
889,Deane,Elvin
890,Mildred,McGilleghole
891,Cymbre,Tuddenham
892,Shell,Stanyforth
893,Sylvan,Lowdyane
894,Ganny,Wife
895,Ivan,Claeskens
896,Orsola,Balogun
897,Helaine,Daleman
898,Celestia,Cuddehay
899,Marcos,Brimelow
900,Ardelle,Daudray
901,Clo,Levermore
902,Betti,Gorst
903,Carmine,Attrey
904,Desiree,Copozio
905,Merwin,Lathaye
906,Packston,Devin
907,Hogan,Abramovitch
908,Sibelle,Sandever
909,Wandie,Cornil
910,Eleanor,Abate
911,Malvina,Stirling
912,Fayette,Mollett
913,Idell,Dellenbroker
914,Ara,Stoyell
915,Shermy,Tamburi
916,Beale,Pargiter
917,Hillyer,Potteridge
918,Tim,Stonary
919,Che,Niemetz
920,Trevor,Whiteland
921,Ianthe,Bishopp
922,Angelia,Wipper
923,Berty,Benz
924,Bone,Hof
925,Vasili,Truswell
926,Izzy,Petters
927,Lynnea,Gogie
928,Alexandra,L'oiseau
929,Ermengarde,Mosey
930,Lyon,Kleewein
931,Olin,Forman
932,Ardys,Loosemore
933,Gearard,Gammon
934,Joceline,Phair
935,Quincy,Bilton
936,Mead,Benning
937,Katrina,Sackett
938,Jeana,Beernt
939,Barnebas,Bertwistle
940,Cindelyn,Lassells
941,Eldon,Beaconsall
942,Antonietta,Orriss
943,Malory,Gentle
944,Gretal,Friedenbach
945,Barret,Grahamslaw
946,Shelley,Bloss
947,Jeffrey,Simond
948,Ford,Hovy
949,Keane,Shippam
950,Ebony,Kordovani
951,Wilfred,Moakler
952,Berrie,Copcote
953,Kimbra,Domesday
954,Dalston,Guite
955,Riki,Brittoner
956,Jenica,McCurdy
957,Hillyer,Wilkowski
958,Darci,Okey
959,Vassili,Moscon
960,Noreen,Helling
961,Felicia,Hyndman
962,Serene,Deesly
963,Emlynn,Holdall
964,Brande,Snoxill
965,Giovanni,Ochterlony
966,Ryon,Denyakin
967,Kaycee,Swansbury
968,Merwin,Rowlett
969,Giacopo,Signoret
970,Kissie,Obert
971,Derek,Niemetz
972,Radcliffe,Marryatt
973,Krystle,Dosdill
974,Elbert,Anstey
975,Zackariah,Leachman
976,Elyssa,Arnull
977,Emmie,Raubheim
978,Crystal,Gerlack
979,Guenevere,Howorth
980,Hughie,Fishley
981,Danya,Bergstram
982,Samson,Petersen
983,Lorettalorna,Wines
984,Chanda,Campes
985,Flory,Shorto
986,Nilson,Jurn
987,Mord,Pantry
988,Valencia,O'Shirine
989,Barrett,Longfoot
990,Yoshi,Bonefant
991,Yasmeen,Middell
992,Bartholomeus,Hucklesby
993,Ozzie,Hampshaw
994,Claudianus,Farthing
995,Dominga,Childers
996,Kasper,Kinson
997,Caryl,Foffano
998,Louella,Chudleigh
999,Wandie,Dorricott
1000,Hinze,Burton
